timestamp,activePower,id,generatorRotationSpeed,gearOilTemperature,turbineId
2024-09-01T00:00:00,4552,0#AA,1788,45.9,0
2024-09-02T00:00:00,4552,0#AB,1788,45.9,0
2024-09-03T00:00:00,5412,0#AC,2427,52.7,0
2024-09-04T00:00:00,5412,0#AD,2427,52.7,0
2024-09-05T00:00:00,4615,0#AE,2858,51.6,0
2024-09-06T00:00:00,4615,0#AF,2858,51.6,0
2024-09-07T00:00:00,5069,0#AG,2457,41.2,0
2024-09-08T00:00:00,5069,0#AH,2457,41.2,0
2024-09-09T00:00:00,4966,0#AI,2471,41.9,0
2024-09-10T00:00:00,4966,0#AJ,2471,41.9,0
2024-09-11T00:00:00,5509,0#AK,2680,46.7,0
2024-09-12T00:00:00,5509,0#AL,2680,46.7,0
2024-09-13T00:00:00,5041,0#AM,2201,37.2,0
2024-09-14T00:00:00,5041,0#AN,2201,37.2,0
2024-09-15T00:00:00,4925,0#AO,2726,41.1,0
2024-09-16T00:00:00,4925,0#AP,2726,41.1,0
2024-09-01T00:00:00,4552,1#AA,1788,45.9,1
2024-09-02T00:00:00,4552,1#AB,1788,45.9,1
2024-09-03T00:00:00,5412,1#AC,2427,52.7,1
2024-09-04T00:00:00,5412,1#AD,2427,52.7,1
2024-09-05T00:00:00,4615,1#AE,2858,51.6,1
2024-09-06T00:00:00,4615,1#AF,2858,51.6,1
2024-09-07T00:00:00,5069,1#AG,2457,41.2,1
2024-09-08T00:00:00,5069,1#AH,2457,41.2,1
2024-09-09T00:00:00,4966,1#AI,2471,41.9,1
2024-09-10T00:00:00,4966,1#AJ,2471,41.9,1
2024-09-11T00:00:00,5509,1#AK,2680,46.7,1
2024-09-12T00:00:00,5509,1#AL,2680,46.7,1
2024-09-13T00:00:00,5041,1#AM,2201,37.2,1
2024-09-14T00:00:00,5041,1#AN,2201,37.2,1
2024-09-15T00:00:00,4925,1#AO,2726,41.1,1
2024-09-16T00:00:00,4925,1#AP,2726,41.1,1
2024-09-01T00:00:00,5073,10#AA,1976,46,10
2024-09-02T00:00:00,5327,10#AB,2368,36.5,10
2024-09-03T00:00:00,4298,10#AC,2255,47.6,10
2024-09-04T00:00:00,4936,10#AD,2287,38.7,10
2024-09-05T00:00:00,5165,10#AE,2579,37.5,10
2024-09-06T00:00:00,4895,10#AF,2748,40.4,10
2024-09-07T00:00:00,5364,10#AG,2613,30.4,10
2024-09-08T00:00:00,5017,10#AH,2500,49.9,10
2024-09-09T00:00:00,4656,10#AI,2788,41.6,10
2024-09-10T00:00:00,4309,10#AJ,2187,49.5,10
2024-09-11T00:00:00,5288,10#AK,2685,46.3,10
2024-09-12T00:00:00,5184,10#AL,2810,54.3,10
2024-09-13T00:00:00,4629,10#AM,2461,47,10
2024-09-14T00:00:00,5186,10#AN,2181,50.4,10
2024-09-15T00:00:00,4552,10#AO,1788,45.9,10
2024-09-16T00:00:00,5412,10#AP,2427,52.7,10
2024-09-01T00:00:00,4615,11#AA,2858,51.6,11
2024-09-02T00:00:00,5069,11#AB,2457,41.2,11
2024-09-03T00:00:00,4966,11#AC,2471,41.9,11
2024-09-04T00:00:00,5509,11#AD,2680,46.7,11
2024-09-05T00:00:00,5041,11#AE,2201,37.2,11
2024-09-06T00:00:00,4925,11#AF,2726,41.1,11
2024-09-07T00:00:00,5395,11#AG,2621,42.2,11
2024-09-08T00:00:00,5015,11#AH,1977,38,11
2024-09-09T00:00:00,5755,11#AI,3217,41,11
2024-09-10T00:00:00,4731,11#AJ,2705,47.3,11
2024-09-11T00:00:00,5809,11#AK,2509,49.2,11
2024-09-12T00:00:00,5599,11#AL,2944,45.4,11
2024-09-13T00:00:00,5268,11#AM,2159,35.6,11
2024-09-14T00:00:00,5373,11#AN,2567,39.5,11
2024-09-15T00:00:00,4477,11#AO,2547,38,11
2024-09-16T00:00:00,4656,11#AP,2788,41.6,11
2024-09-01T00:00:00,5073,12#AA,1976,46,12
2024-09-02T00:00:00,5327,12#AB,2368,36.5,12
2024-09-03T00:00:00,4298,12#AC,2255,47.6,12
2024-09-04T00:00:00,4936,12#AD,2287,38.7,12
2024-09-05T00:00:00,5165,12#AE,2579,37.5,12
2024-09-06T00:00:00,4895,12#AF,2748,40.4,12
2024-09-07T00:00:00,5364,12#AG,2613,30.4,12
2024-09-08T00:00:00,5017,12#AH,2500,49.9,12
2024-09-09T00:00:00,4552,12#AI,1788,45.9,12
2024-09-10T00:00:00,5412,12#AJ,2427,52.7,12
2024-09-11T00:00:00,4615,12#AK,2858,51.6,12
2024-09-12T00:00:00,5069,12#AL,2457,41.2,12
2024-09-13T00:00:00,4966,12#AM,2471,41.9,12
2024-09-14T00:00:00,5509,12#AN,2680,46.7,12
2024-09-15T00:00:00,5041,12#AO,2201,37.2,12
2024-09-16T00:00:00,4925,12#AP,2726,41.1,12
2024-09-01T00:00:00,5395,13#AA,2621,42.2,13
2024-09-02T00:00:00,5015,13#AB,1977,38,13
2024-09-03T00:00:00,5073,13#AC,1976,46,13
2024-09-04T00:00:00,5327,13#AD,2368,36.5,13
2024-09-05T00:00:00,4298,13#AE,2255,47.6,13
2024-09-06T00:00:00,4936,13#AF,2287,38.7,13
2024-09-07T00:00:00,5165,13#AG,2579,37.5,13
2024-09-08T00:00:00,4895,13#AH,2748,40.4,13
2024-09-09T00:00:00,5755,13#AI,3217,41,13
2024-09-10T00:00:00,4731,13#AJ,2705,47.3,13
2024-09-11T00:00:00,5809,13#AK,2509,49.2,13
2024-09-12T00:00:00,5599,13#AL,2944,45.4,13
2024-09-13T00:00:00,5268,13#AM,2159,35.6,13
2024-09-14T00:00:00,5373,13#AN,2567,39.5,13
2024-09-15T00:00:00,4477,13#AO,2547,38,13
2024-09-16T00:00:00,4656,13#AP,2788,41.6,13
2024-09-01T00:00:00,5364,14#AA,2613,30.4,14
2024-09-02T00:00:00,5017,14#AB,2500,49.9,14
2024-09-03T00:00:00,5755,14#AC,3217,41,14
2024-09-04T00:00:00,4731,14#AD,2705,47.3,14
2024-09-05T00:00:00,5809,14#AE,2509,49.2,14
2024-09-06T00:00:00,5599,14#AF,2944,45.4,14
2024-09-07T00:00:00,5268,14#AG,2159,35.6,14
2024-09-08T00:00:00,5373,14#AH,2567,39.5,14
2024-09-09T00:00:00,4552,14#AI,1788,45.9,14
2024-09-10T00:00:00,5412,14#AJ,2427,52.7,14
2024-09-11T00:00:00,4615,14#AK,2858,51.6,14
2024-09-12T00:00:00,5069,14#AL,2457,41.2,14
2024-09-13T00:00:00,4966,14#AM,2471,41.9,14
2024-09-14T00:00:00,5509,14#AN,2680,46.7,14
2024-09-15T00:00:00,5041,14#AO,2201,37.2,14
2024-09-16T00:00:00,4925,14#AP,2726,41.1,14
2024-09-01T00:00:00,5395,15#AA,2621,42.2,15
2024-09-02T00:00:00,5015,15#AB,1977,38,15
2024-09-03T00:00:00,5073,15#AC,1976,46,15
2024-09-04T00:00:00,5327,15#AD,2368,36.5,15
2024-09-05T00:00:00,4298,15#AE,2255,47.6,15
2024-09-06T00:00:00,4936,15#AF,2287,38.7,15
2024-09-07T00:00:00,5165,15#AG,2579,37.5,15
2024-09-08T00:00:00,4895,15#AH,2748,40.4,15
2024-09-09T00:00:00,4477,15#AI,2547,38,15
2024-09-10T00:00:00,4656,15#AJ,2788,41.6,15
2024-09-11T00:00:00,4309,15#AK,2187,49.5,15
2024-09-12T00:00:00,5288,15#AL,2685,46.3,15
2024-09-13T00:00:00,5184,15#AM,2810,54.3,15
2024-09-14T00:00:00,4629,15#AN,2461,47,15
2024-09-15T00:00:00,5186,15#AO,2181,50.4,15
2024-09-16T00:00:00,4552,15#AP,1788,45.9,15
2024-09-01T00:00:00,5364,16#AA,2613,30.4,16
2024-09-02T00:00:00,5017,16#AB,2500,49.9,16
2024-09-03T00:00:00,5755,16#AC,3217,41,16
2024-09-04T00:00:00,4731,16#AD,2705,47.3,16
2024-09-05T00:00:00,5809,16#AE,2509,49.2,16
2024-09-06T00:00:00,5599,16#AF,2944,45.4,16
2024-09-07T00:00:00,5268,16#AG,2159,35.6,16
2024-09-08T00:00:00,5373,16#AH,2567,39.5,16
2024-09-09T00:00:00,5412,16#AI,2427,52.7,16
2024-09-10T00:00:00,4615,16#AJ,2858,51.6,16
2024-09-11T00:00:00,5069,16#AK,2457,41.2,16
2024-09-12T00:00:00,4966,16#AL,2471,41.9,16
2024-09-13T00:00:00,5509,16#AM,2680,46.7,16
2024-09-14T00:00:00,5041,16#AN,2201,37.2,16
2024-09-15T00:00:00,4925,16#AO,2726,41.1,16
2024-09-16T00:00:00,5395,16#AP,2621,42.2,16
2024-09-01T00:00:00,5015,17#AA,1977,38,17
2024-09-02T00:00:00,5073,17#AB,1976,46,17
2024-09-03T00:00:00,5327,17#AC,2368,36.5,17
2024-09-04T00:00:00,4298,17#AD,2255,47.6,17
2024-09-05T00:00:00,4936,17#AE,2287,38.7,17
2024-09-06T00:00:00,5165,17#AF,2579,37.5,17
2024-09-07T00:00:00,4895,17#AG,2748,40.4,17
2024-09-08T00:00:00,5364,17#AH,2613,30.4,17
2024-09-09T00:00:00,4477,17#AI,2547,38,17
2024-09-10T00:00:00,4656,17#AJ,2788,41.6,17
2024-09-11T00:00:00,4309,17#AK,2187,49.5,17
2024-09-12T00:00:00,5288,17#AL,2685,46.3,17
2024-09-13T00:00:00,5184,17#AM,2810,54.3,17
2024-09-14T00:00:00,4629,17#AN,2461,47,17
2024-09-15T00:00:00,5186,17#AO,2181,50.4,17
2024-09-16T00:00:00,4552,17#AP,1788,45.9,17
2024-09-01T00:00:00,5017,18#AA,2500,49.9,18
2024-09-02T00:00:00,5755,18#AB,3217,41,18
2024-09-03T00:00:00,4731,18#AC,2705,47.3,18
2024-09-04T00:00:00,5809,18#AD,2509,49.2,18
2024-09-05T00:00:00,5599,18#AE,2944,45.4,18
2024-09-06T00:00:00,5268,18#AF,2159,35.6,18
2024-09-07T00:00:00,5373,18#AG,2567,39.5,18
2024-09-08T00:00:00,4477,18#AH,2547,38,18
2024-09-09T00:00:00,5412,18#AI,2427,52.7,18
2024-09-10T00:00:00,4615,18#AJ,2858,51.6,18
2024-09-11T00:00:00,5069,18#AK,2457,41.2,18
2024-09-12T00:00:00,4966,18#AL,2471,41.9,18
2024-09-13T00:00:00,5509,18#AM,2680,46.7,18
2024-09-14T00:00:00,5041,18#AN,2201,37.2,18
2024-09-15T00:00:00,4925,18#AO,2726,41.1,18
2024-09-16T00:00:00,5395,18#AP,2621,42.2,18
2024-09-01T00:00:00,5015,19#AA,1977,38,19
2024-09-02T00:00:00,5073,19#AB,1976,46,19
2024-09-03T00:00:00,5327,19#AC,2368,36.5,19
2024-09-04T00:00:00,4298,19#AD,2255,47.6,19
2024-09-05T00:00:00,4936,19#AE,2287,38.7,19
2024-09-06T00:00:00,5165,19#AF,2579,37.5,19
2024-09-07T00:00:00,4895,19#AG,2748,40.4,19
2024-09-08T00:00:00,5364,19#AH,2613,30.4,19
2024-09-09T00:00:00,4656,19#AI,2788,41.6,19
2024-09-10T00:00:00,4309,19#AJ,2187,49.5,19
2024-09-11T00:00:00,5288,19#AK,2685,46.3,19
2024-09-12T00:00:00,5184,19#AL,2810,54.3,19
2024-09-13T00:00:00,4629,19#AM,2461,47,19
2024-09-14T00:00:00,5186,19#AN,2181,50.4,19
2024-09-15T00:00:00,4552,19#AO,1788,45.9,19
2024-09-16T00:00:00,5412,19#AP,2427,52.7,19
2024-09-01T00:00:00,4552,2#AA,1788,45.9,2
2024-09-02T00:00:00,4552,2#AB,1788,45.9,2
2024-09-03T00:00:00,5412,2#AC,2427,52.7,2
2024-09-04T00:00:00,5412,2#AD,2427,52.7,2
2024-09-05T00:00:00,4615,2#AE,2858,51.6,2
2024-09-06T00:00:00,4615,2#AF,2858,51.6,2
2024-09-07T00:00:00,5069,2#AG,2457,41.2,2
2024-09-08T00:00:00,5069,2#AH,2457,41.2,2
2024-09-09T00:00:00,5395,2#AI,2621,42.2,2
2024-09-10T00:00:00,5015,2#AJ,1977,38,2
2024-09-11T00:00:00,5073,2#AK,1976,46,2
2024-09-12T00:00:00,5327,2#AL,2368,36.5,2
2024-09-13T00:00:00,4298,2#AM,2255,47.6,2
2024-09-14T00:00:00,4936,2#AN,2287,38.7,2
2024-09-15T00:00:00,5165,2#AO,2579,37.5,2
2024-09-16T00:00:00,4895,2#AP,2748,40.4,2
2024-09-01T00:00:00,5017,20#AA,2500,49.9,20
2024-09-02T00:00:00,5755,20#AB,3217,41,20
2024-09-03T00:00:00,4731,20#AC,2705,47.3,20
2024-09-04T00:00:00,5809,20#AD,2509,49.2,20
2024-09-05T00:00:00,5599,20#AE,2944,45.4,20
2024-09-06T00:00:00,5268,20#AF,2159,35.6,20
2024-09-07T00:00:00,5373,20#AG,2567,39.5,20
2024-09-08T00:00:00,4477,20#AH,2547,38,20
2024-09-09T00:00:00,4615,20#AI,2858,51.6,20
2024-09-10T00:00:00,5069,20#AJ,2457,41.2,20
2024-09-11T00:00:00,4966,20#AK,2471,41.9,20
2024-09-12T00:00:00,5509,20#AL,2680,46.7,20
2024-09-13T00:00:00,5041,20#AM,2201,37.2,20
2024-09-14T00:00:00,4925,20#AN,2726,41.1,20
2024-09-15T00:00:00,5395,20#AO,2621,42.2,20
2024-09-16T00:00:00,5015,20#AP,1977,38,20
2024-09-01T00:00:00,5073,21#AA,1976,46,21
2024-09-02T00:00:00,5327,21#AB,2368,36.5,21
2024-09-03T00:00:00,4298,21#AC,2255,47.6,21
2024-09-04T00:00:00,4936,21#AD,2287,38.7,21
2024-09-05T00:00:00,5165,21#AE,2579,37.5,21
2024-09-06T00:00:00,4895,21#AF,2748,40.4,21
2024-09-07T00:00:00,5364,21#AG,2613,30.4,21
2024-09-08T00:00:00,5017,21#AH,2500,49.9,21
2024-09-09T00:00:00,4656,21#AI,2788,41.6,21
2024-09-10T00:00:00,4309,21#AJ,2187,49.5,21
2024-09-11T00:00:00,5288,21#AK,2685,46.3,21
2024-09-12T00:00:00,5184,21#AL,2810,54.3,21
2024-09-13T00:00:00,4629,21#AM,2461,47,21
2024-09-14T00:00:00,5186,21#AN,2181,50.4,21
2024-09-15T00:00:00,4552,21#AO,1788,45.9,21
2024-09-16T00:00:00,5412,21#AP,2427,52.7,21
2024-09-01T00:00:00,5755,22#AA,3217,41,22
2024-09-02T00:00:00,4731,22#AB,2705,47.3,22
2024-09-03T00:00:00,5809,22#AC,2509,49.2,22
2024-09-04T00:00:00,5599,22#AD,2944,45.4,22
2024-09-05T00:00:00,5268,22#AE,2159,35.6,22
2024-09-06T00:00:00,5373,22#AF,2567,39.5,22
2024-09-07T00:00:00,4477,22#AG,2547,38,22
2024-09-08T00:00:00,4656,22#AH,2788,41.6,22
2024-09-09T00:00:00,4615,22#AI,2858,51.6,22
2024-09-10T00:00:00,5069,22#AJ,2457,41.2,22
2024-09-11T00:00:00,4966,22#AK,2471,41.9,22
2024-09-12T00:00:00,5509,22#AL,2680,46.7,22
2024-09-13T00:00:00,5041,22#AM,2201,37.2,22
2024-09-14T00:00:00,4925,22#AN,2726,41.1,22
2024-09-15T00:00:00,5395,22#AO,2621,42.2,22
2024-09-16T00:00:00,5015,22#AP,1977,38,22
2024-09-01T00:00:00,5073,23#AA,1976,46,23
2024-09-02T00:00:00,5327,23#AB,2368,36.5,23
2024-09-03T00:00:00,4298,23#AC,2255,47.6,23
2024-09-04T00:00:00,4936,23#AD,2287,38.7,23
2024-09-05T00:00:00,5165,23#AE,2579,37.5,23
2024-09-06T00:00:00,4895,23#AF,2748,40.4,23
2024-09-07T00:00:00,5364,23#AG,2613,30.4,23
2024-09-08T00:00:00,5017,23#AH,2500,49.9,23
2024-09-09T00:00:00,5395,23#AI,2621,42.2,23
2024-09-10T00:00:00,5015,23#AJ,1977,38,23
2024-09-11T00:00:00,5073,23#AK,1976,46,23
2024-09-12T00:00:00,5327,23#AL,2368,36.5,23
2024-09-13T00:00:00,4298,23#AM,2255,47.6,23
2024-09-14T00:00:00,4936,23#AN,2287,38.7,23
2024-09-15T00:00:00,5165,23#AO,2579,37.5,23
2024-09-16T00:00:00,4895,23#AP,2748,40.4,23
2024-09-01T00:00:00,5755,24#AA,3217,41,24
2024-09-02T00:00:00,4731,24#AB,2705,47.3,24
2024-09-03T00:00:00,5809,24#AC,2509,49.2,24
2024-09-04T00:00:00,5599,24#AD,2944,45.4,24
2024-09-05T00:00:00,5268,24#AE,2159,35.6,24
2024-09-06T00:00:00,5373,24#AF,2567,39.5,24
2024-09-07T00:00:00,4477,24#AG,2547,38,24
2024-09-08T00:00:00,4656,24#AH,2788,41.6,24
2024-09-09T00:00:00,5364,24#AI,2613,30.4,24
2024-09-10T00:00:00,5017,24#AJ,2500,49.9,24
2024-09-11T00:00:00,5755,24#AK,3217,41,24
2024-09-12T00:00:00,4731,24#AL,2705,47.3,24
2024-09-13T00:00:00,5809,24#AM,2509,49.2,24
2024-09-14T00:00:00,5599,24#AN,2944,45.4,24
2024-09-15T00:00:00,5268,24#AO,2159,35.6,24
2024-09-16T00:00:00,5373,24#AP,2567,39.5,24
2024-09-01T00:00:00,4477,25#AA,2547,38,25
2024-09-02T00:00:00,4656,25#AB,2788,41.6,25
2024-09-03T00:00:00,4309,25#AC,2187,49.5,25
2024-09-04T00:00:00,5288,25#AD,2685,46.3,25
2024-09-05T00:00:00,5184,25#AE,2810,54.3,25
2024-09-06T00:00:00,4629,25#AF,2461,47,25
2024-09-07T00:00:00,5186,25#AG,2181,50.4,25
2024-09-08T00:00:00,4552,25#AH,1788,45.9,25
2024-09-09T00:00:00,5395,25#AI,2621,42.2,25
2024-09-10T00:00:00,5015,25#AJ,1977,38,25
2024-09-11T00:00:00,5073,25#AK,1976,46,25
2024-09-12T00:00:00,5327,25#AL,2368,36.5,25
2024-09-13T00:00:00,4298,25#AM,2255,47.6,25
2024-09-14T00:00:00,4936,25#AN,2287,38.7,25
2024-09-15T00:00:00,5165,25#AO,2579,37.5,25
2024-09-16T00:00:00,4895,25#AP,2748,40.4,25
2024-09-01T00:00:00,5412,26#AA,2427,52.7,26
2024-09-02T00:00:00,4615,26#AB,2858,51.6,26
2024-09-03T00:00:00,5069,26#AC,2457,41.2,26
2024-09-04T00:00:00,4966,26#AD,2471,41.9,26
2024-09-05T00:00:00,5509,26#AE,2680,46.7,26
2024-09-06T00:00:00,5041,26#AF,2201,37.2,26
2024-09-07T00:00:00,4925,26#AG,2726,41.1,26
2024-09-08T00:00:00,5395,26#AH,2621,42.2,26
2024-09-09T00:00:00,5364,26#AI,2613,30.4,26
2024-09-10T00:00:00,5017,26#AJ,2500,49.9,26
2024-09-11T00:00:00,5755,26#AK,3217,41,26
2024-09-12T00:00:00,4731,26#AL,2705,47.3,26
2024-09-13T00:00:00,5809,26#AM,2509,49.2,26
2024-09-14T00:00:00,5599,26#AN,2944,45.4,26
2024-09-15T00:00:00,5268,26#AO,2159,35.6,26
2024-09-16T00:00:00,5373,26#AP,2567,39.5,26
2024-09-01T00:00:00,4477,27#AA,2547,38,27
2024-09-02T00:00:00,4656,27#AB,2788,41.6,27
2024-09-03T00:00:00,4309,27#AC,2187,49.5,27
2024-09-04T00:00:00,5288,27#AD,2685,46.3,27
2024-09-05T00:00:00,5184,27#AE,2810,54.3,27
2024-09-06T00:00:00,4629,27#AF,2461,47,27
2024-09-07T00:00:00,5186,27#AG,2181,50.4,27
2024-09-08T00:00:00,4552,27#AH,1788,45.9,27
2024-09-09T00:00:00,5015,27#AI,1977,38,27
2024-09-10T00:00:00,5073,27#AJ,1976,46,27
2024-09-11T00:00:00,5327,27#AK,2368,36.5,27
2024-09-12T00:00:00,4298,27#AL,2255,47.6,27
2024-09-13T00:00:00,4936,27#AM,2287,38.7,27
2024-09-14T00:00:00,5165,27#AN,2579,37.5,27
2024-09-15T00:00:00,4895,27#AO,2748,40.4,27
2024-09-16T00:00:00,5364,27#AP,2613,30.4,27
2024-09-01T00:00:00,5412,28#AA,2427,52.7,28
2024-09-02T00:00:00,4615,28#AB,2858,51.6,28
2024-09-03T00:00:00,5069,28#AC,2457,41.2,28
2024-09-04T00:00:00,4966,28#AD,2471,41.9,28
2024-09-05T00:00:00,5509,28#AE,2680,46.7,28
2024-09-06T00:00:00,5041,28#AF,2201,37.2,28
2024-09-07T00:00:00,4925,28#AG,2726,41.1,28
2024-09-08T00:00:00,5395,28#AH,2621,42.2,28
2024-09-09T00:00:00,5017,28#AI,2500,49.9,28
2024-09-10T00:00:00,5755,28#AJ,3217,41,28
2024-09-11T00:00:00,4731,28#AK,2705,47.3,28
2024-09-12T00:00:00,5809,28#AL,2509,49.2,28
2024-09-13T00:00:00,5599,28#AM,2944,45.4,28
2024-09-14T00:00:00,5268,28#AN,2159,35.6,28
2024-09-15T00:00:00,5373,28#AO,2567,39.5,28
2024-09-16T00:00:00,4477,28#AP,2547,38,28
2024-09-01T00:00:00,4656,29#AA,2788,41.6,29
2024-09-02T00:00:00,4309,29#AB,2187,49.5,29
2024-09-03T00:00:00,5288,29#AC,2685,46.3,29
2024-09-04T00:00:00,5184,29#AD,2810,54.3,29
2024-09-05T00:00:00,4629,29#AE,2461,47,29
2024-09-06T00:00:00,5186,29#AF,2181,50.4,29
2024-09-07T00:00:00,4552,29#AG,1788,45.9,29
2024-09-08T00:00:00,5412,29#AH,2427,52.7,29
2024-09-09T00:00:00,5015,29#AI,1977,38,29
2024-09-10T00:00:00,5073,29#AJ,1976,46,29
2024-09-11T00:00:00,5327,29#AK,2368,36.5,29
2024-09-12T00:00:00,4298,29#AL,2255,47.6,29
2024-09-13T00:00:00,4936,29#AM,2287,38.7,29
2024-09-14T00:00:00,5165,29#AN,2579,37.5,29
2024-09-15T00:00:00,4895,29#AO,2748,40.4,29
2024-09-16T00:00:00,5364,29#AP,2613,30.4,29
2024-09-01T00:00:00,4552,3#AA,1788,45.9,3
2024-09-02T00:00:00,5412,3#AB,2427,52.7,3
2024-09-03T00:00:00,4615,3#AC,2858,51.6,3
2024-09-04T00:00:00,5069,3#AD,2457,41.2,3
2024-09-05T00:00:00,4966,3#AE,2471,41.9,3
2024-09-06T00:00:00,5509,3#AF,2680,46.7,3
2024-09-07T00:00:00,5041,3#AG,2201,37.2,3
2024-09-08T00:00:00,4925,3#AH,2726,41.1,3
2024-09-09T00:00:00,5364,3#AI,2613,30.4,3
2024-09-10T00:00:00,5017,3#AJ,2500,49.9,3
2024-09-11T00:00:00,5755,3#AK,3217,41,3
2024-09-12T00:00:00,4731,3#AL,2705,47.3,3
2024-09-13T00:00:00,5809,3#AM,2509,49.2,3
2024-09-14T00:00:00,5599,3#AN,2944,45.4,3
2024-09-15T00:00:00,5268,3#AO,2159,35.6,3
2024-09-16T00:00:00,5373,3#AP,2567,39.5,3
2024-09-01T00:00:00,4615,30#AA,2858,51.6,30
2024-09-02T00:00:00,5069,30#AB,2457,41.2,30
2024-09-03T00:00:00,4966,30#AC,2471,41.9,30
2024-09-04T00:00:00,5509,30#AD,2680,46.7,30
2024-09-05T00:00:00,5041,30#AE,2201,37.2,30
2024-09-06T00:00:00,4925,30#AF,2726,41.1,30
2024-09-07T00:00:00,5395,30#AG,2621,42.2,30
2024-09-08T00:00:00,5015,30#AH,1977,38,30
2024-09-09T00:00:00,5017,30#AI,2500,49.9,30
2024-09-10T00:00:00,5755,30#AJ,3217,41,30
2024-09-11T00:00:00,4731,30#AK,2705,47.3,30
2024-09-12T00:00:00,5809,30#AL,2509,49.2,30
2024-09-13T00:00:00,5599,30#AM,2944,45.4,30
2024-09-14T00:00:00,5268,30#AN,2159,35.6,30
2024-09-15T00:00:00,5373,30#AO,2567,39.5,30
2024-09-16T00:00:00,4477,30#AP,2547,38,30
2024-09-01T00:00:00,4656,31#AA,2788,41.6,31
2024-09-02T00:00:00,4309,31#AB,2187,49.5,31
2024-09-03T00:00:00,5288,31#AC,2685,46.3,31
2024-09-04T00:00:00,5184,31#AD,2810,54.3,31
2024-09-05T00:00:00,4629,31#AE,2461,47,31
2024-09-06T00:00:00,5186,31#AF,2181,50.4,31
2024-09-07T00:00:00,4552,31#AG,1788,45.9,31
2024-09-08T00:00:00,5412,31#AH,2427,52.7,31
2024-09-09T00:00:00,5073,31#AI,1976,46,31
2024-09-10T00:00:00,5327,31#AJ,2368,36.5,31
2024-09-11T00:00:00,4298,31#AK,2255,47.6,31
2024-09-12T00:00:00,4936,31#AL,2287,38.7,31
2024-09-13T00:00:00,5165,31#AM,2579,37.5,31
2024-09-14T00:00:00,4895,31#AN,2748,40.4,31
2024-09-15T00:00:00,5364,31#AO,2613,30.4,31
2024-09-16T00:00:00,5017,31#AP,2500,49.9,31
2024-09-01T00:00:00,4615,32#AA,2858,51.6,32
2024-09-02T00:00:00,5069,32#AB,2457,41.2,32
2024-09-03T00:00:00,4966,32#AC,2471,41.9,32
2024-09-04T00:00:00,5509,32#AD,2680,46.7,32
2024-09-05T00:00:00,5041,32#AE,2201,37.2,32
2024-09-06T00:00:00,4925,32#AF,2726,41.1,32
2024-09-07T00:00:00,5395,32#AG,2621,42.2,32
2024-09-08T00:00:00,5015,32#AH,1977,38,32
2024-09-09T00:00:00,5755,32#AI,3217,41,32
2024-09-10T00:00:00,4731,32#AJ,2705,47.3,32
2024-09-11T00:00:00,5809,32#AK,2509,49.2,32
2024-09-12T00:00:00,5599,32#AL,2944,45.4,32
2024-09-13T00:00:00,5268,32#AM,2159,35.6,32
2024-09-14T00:00:00,5373,32#AN,2567,39.5,32
2024-09-15T00:00:00,4477,32#AO,2547,38,32
2024-09-16T00:00:00,4656,32#AP,2788,41.6,32
2024-09-01T00:00:00,5395,33#AA,2621,42.2,33
2024-09-02T00:00:00,5015,33#AB,1977,38,33
2024-09-03T00:00:00,5073,33#AC,1976,46,33
2024-09-04T00:00:00,5327,33#AD,2368,36.5,33
2024-09-05T00:00:00,4298,33#AE,2255,47.6,33
2024-09-06T00:00:00,4936,33#AF,2287,38.7,33
2024-09-07T00:00:00,5165,33#AG,2579,37.5,33
2024-09-08T00:00:00,4895,33#AH,2748,40.4,33
2024-09-09T00:00:00,5073,33#AI,1976,46,33
2024-09-10T00:00:00,5327,33#AJ,2368,36.5,33
2024-09-11T00:00:00,4298,33#AK,2255,47.6,33
2024-09-12T00:00:00,4936,33#AL,2287,38.7,33
2024-09-13T00:00:00,5165,33#AM,2579,37.5,33
2024-09-14T00:00:00,4895,33#AN,2748,40.4,33
2024-09-15T00:00:00,5364,33#AO,2613,30.4,33
2024-09-16T00:00:00,5017,33#AP,2500,49.9,33
2024-09-01T00:00:00,5364,34#AA,2613,30.4,34
2024-09-02T00:00:00,5017,34#AB,2500,49.9,34
2024-09-03T00:00:00,5755,34#AC,3217,41,34
2024-09-04T00:00:00,4731,34#AD,2705,47.3,34
2024-09-05T00:00:00,5809,34#AE,2509,49.2,34
2024-09-06T00:00:00,5599,34#AF,2944,45.4,34
2024-09-07T00:00:00,5268,34#AG,2159,35.6,34
2024-09-08T00:00:00,5373,34#AH,2567,39.5,34
2024-09-09T00:00:00,5755,34#AI,3217,41,34
2024-09-10T00:00:00,4731,34#AJ,2705,47.3,34
2024-09-11T00:00:00,5809,34#AK,2509,49.2,34
2024-09-12T00:00:00,5599,34#AL,2944,45.4,34
2024-09-13T00:00:00,5268,34#AM,2159,35.6,34
2024-09-14T00:00:00,5373,34#AN,2567,39.5,34
2024-09-15T00:00:00,4477,34#AO,2547,38,34
2024-09-16T00:00:00,4656,34#AP,2788,41.6,34
2024-09-01T00:00:00,5395,35#AA,2621,42.2,35
2024-09-02T00:00:00,5015,35#AB,1977,38,35
2024-09-03T00:00:00,5073,35#AC,1976,46,35
2024-09-04T00:00:00,5327,35#AD,2368,36.5,35
2024-09-05T00:00:00,4298,35#AE,2255,47.6,35
2024-09-06T00:00:00,4936,35#AF,2287,38.7,35
2024-09-07T00:00:00,5165,35#AG,2579,37.5,35
2024-09-08T00:00:00,4895,35#AH,2748,40.4,35
2024-09-09T00:00:00,4477,35#AI,2547,38,35
2024-09-10T00:00:00,4656,35#AJ,2788,41.6,35
2024-09-11T00:00:00,4309,35#AK,2187,49.5,35
2024-09-12T00:00:00,5288,35#AL,2685,46.3,35
2024-09-13T00:00:00,5184,35#AM,2810,54.3,35
2024-09-14T00:00:00,4629,35#AN,2461,47,35
2024-09-15T00:00:00,5186,35#AO,2181,50.4,35
2024-09-16T00:00:00,4552,35#AP,1788,45.9,35
2024-09-01T00:00:00,5364,36#AA,2613,30.4,36
2024-09-02T00:00:00,5017,36#AB,2500,49.9,36
2024-09-03T00:00:00,5755,36#AC,3217,41,36
2024-09-04T00:00:00,4731,36#AD,2705,47.3,36
2024-09-05T00:00:00,5809,36#AE,2509,49.2,36
2024-09-06T00:00:00,5599,36#AF,2944,45.4,36
2024-09-07T00:00:00,5268,36#AG,2159,35.6,36
2024-09-08T00:00:00,5373,36#AH,2567,39.5,36
2024-09-09T00:00:00,5412,36#AI,2427,52.7,36
2024-09-10T00:00:00,4615,36#AJ,2858,51.6,36
2024-09-11T00:00:00,5069,36#AK,2457,41.2,36
2024-09-12T00:00:00,4966,36#AL,2471,41.9,36
2024-09-13T00:00:00,5509,36#AM,2680,46.7,36
2024-09-14T00:00:00,5041,36#AN,2201,37.2,36
2024-09-15T00:00:00,4925,36#AO,2726,41.1,36
2024-09-16T00:00:00,5395,36#AP,2621,42.2,36
2024-09-01T00:00:00,5015,37#AA,1977,38,37
2024-09-02T00:00:00,5073,37#AB,1976,46,37
2024-09-03T00:00:00,5327,37#AC,2368,36.5,37
2024-09-04T00:00:00,4298,37#AD,2255,47.6,37
2024-09-05T00:00:00,4936,37#AE,2287,38.7,37
2024-09-06T00:00:00,5165,37#AF,2579,37.5,37
2024-09-07T00:00:00,4895,37#AG,2748,40.4,37
2024-09-08T00:00:00,5364,37#AH,2613,30.4,37
2024-09-09T00:00:00,4477,37#AI,2547,38,37
2024-09-10T00:00:00,4656,37#AJ,2788,41.6,37
2024-09-11T00:00:00,4309,37#AK,2187,49.5,37
2024-09-12T00:00:00,5288,37#AL,2685,46.3,37
2024-09-13T00:00:00,5184,37#AM,2810,54.3,37
2024-09-14T00:00:00,4629,37#AN,2461,47,37
2024-09-15T00:00:00,5186,37#AO,2181,50.4,37
2024-09-16T00:00:00,4552,37#AP,1788,45.9,37
2024-09-01T00:00:00,5017,38#AA,2500,49.9,38
2024-09-02T00:00:00,5755,38#AB,3217,41,38
2024-09-03T00:00:00,4731,38#AC,2705,47.3,38
2024-09-04T00:00:00,5809,38#AD,2509,49.2,38
2024-09-05T00:00:00,5599,38#AE,2944,45.4,38
2024-09-06T00:00:00,5268,38#AF,2159,35.6,38
2024-09-07T00:00:00,5373,38#AG,2567,39.5,38
2024-09-08T00:00:00,4477,38#AH,2547,38,38
2024-09-09T00:00:00,5412,38#AI,2427,52.7,38
2024-09-10T00:00:00,4615,38#AJ,2858,51.6,38
2024-09-11T00:00:00,5069,38#AK,2457,41.2,38
2024-09-12T00:00:00,4966,38#AL,2471,41.9,38
2024-09-13T00:00:00,5509,38#AM,2680,46.7,38
2024-09-14T00:00:00,5041,38#AN,2201,37.2,38
2024-09-15T00:00:00,4925,38#AO,2726,41.1,38
2024-09-16T00:00:00,5395,38#AP,2621,42.2,38
2024-09-01T00:00:00,5015,39#AA,1977,38,39
2024-09-02T00:00:00,5073,39#AB,1976,46,39
2024-09-03T00:00:00,5327,39#AC,2368,36.5,39
2024-09-04T00:00:00,4298,39#AD,2255,47.6,39
2024-09-05T00:00:00,4936,39#AE,2287,38.7,39
2024-09-06T00:00:00,5165,39#AF,2579,37.5,39
2024-09-07T00:00:00,4895,39#AG,2748,40.4,39
2024-09-08T00:00:00,5364,39#AH,2613,30.4,39
2024-09-09T00:00:00,4656,39#AI,2788,41.6,39
2024-09-10T00:00:00,4309,39#AJ,2187,49.5,39
2024-09-11T00:00:00,5288,39#AK,2685,46.3,39
2024-09-12T00:00:00,5184,39#AL,2810,54.3,39
2024-09-13T00:00:00,4629,39#AM,2461,47,39
2024-09-14T00:00:00,5186,39#AN,2181,50.4,39
2024-09-15T00:00:00,4552,39#AO,1788,45.9,39
2024-09-16T00:00:00,5412,39#AP,2427,52.7,39
2024-09-01T00:00:00,5395,4#AA,2621,42.2,4
2024-09-02T00:00:00,5015,4#AB,1977,38,4
2024-09-03T00:00:00,5073,4#AC,1976,46,4
2024-09-04T00:00:00,5327,4#AD,2368,36.5,4
2024-09-05T00:00:00,4298,4#AE,2255,47.6,4
2024-09-06T00:00:00,4936,4#AF,2287,38.7,4
2024-09-07T00:00:00,5165,4#AG,2579,37.5,4
2024-09-08T00:00:00,4895,4#AH,2748,40.4,4
2024-09-09T00:00:00,4477,4#AI,2547,38,4
2024-09-10T00:00:00,4656,4#AJ,2788,41.6,4
2024-09-11T00:00:00,4309,4#AK,2187,49.5,4
2024-09-12T00:00:00,5288,4#AL,2685,46.3,4
2024-09-13T00:00:00,5184,4#AM,2810,54.3,4
2024-09-14T00:00:00,4629,4#AN,2461,47,4
2024-09-15T00:00:00,5186,4#AO,2181,50.4,4
2024-09-16T00:00:00,4552,4#AP,1788,45.9,4
2024-09-01T00:00:00,5017,40#AA,2500,49.9,40
2024-09-02T00:00:00,5755,40#AB,3217,41,40
2024-09-03T00:00:00,4731,40#AC,2705,47.3,40
2024-09-04T00:00:00,5809,40#AD,2509,49.2,40
2024-09-05T00:00:00,5599,40#AE,2944,45.4,40
2024-09-06T00:00:00,5268,40#AF,2159,35.6,40
2024-09-07T00:00:00,5373,40#AG,2567,39.5,40
2024-09-08T00:00:00,4477,40#AH,2547,38,40
2024-09-09T00:00:00,4615,40#AI,2858,51.6,40
2024-09-10T00:00:00,5069,40#AJ,2457,41.2,40
2024-09-11T00:00:00,4966,40#AK,2471,41.9,40
2024-09-12T00:00:00,5509,40#AL,2680,46.7,40
2024-09-13T00:00:00,5041,40#AM,2201,37.2,40
2024-09-14T00:00:00,4925,40#AN,2726,41.1,40
2024-09-15T00:00:00,5395,40#AO,2621,42.2,40
2024-09-16T00:00:00,5015,40#AP,1977,38,40
2024-09-01T00:00:00,5073,41#AA,1976,46,41
2024-09-02T00:00:00,5327,41#AB,2368,36.5,41
2024-09-03T00:00:00,4298,41#AC,2255,47.6,41
2024-09-04T00:00:00,4936,41#AD,2287,38.7,41
2024-09-05T00:00:00,5165,41#AE,2579,37.5,41
2024-09-06T00:00:00,4895,41#AF,2748,40.4,41
2024-09-07T00:00:00,5364,41#AG,2613,30.4,41
2024-09-08T00:00:00,5017,41#AH,2500,49.9,41
2024-09-09T00:00:00,4656,41#AI,2788,41.6,41
2024-09-10T00:00:00,4309,41#AJ,2187,49.5,41
2024-09-11T00:00:00,5288,41#AK,2685,46.3,41
2024-09-12T00:00:00,5184,41#AL,2810,54.3,41
2024-09-13T00:00:00,4629,41#AM,2461,47,41
2024-09-14T00:00:00,5186,41#AN,2181,50.4,41
2024-09-15T00:00:00,4552,41#AO,1788,45.9,41
2024-09-16T00:00:00,5412,41#AP,2427,52.7,41
2024-09-01T00:00:00,5755,42#AA,3217,41,42
2024-09-02T00:00:00,4731,42#AB,2705,47.3,42
2024-09-03T00:00:00,5809,42#AC,2509,49.2,42
2024-09-04T00:00:00,5599,42#AD,2944,45.4,42
2024-09-05T00:00:00,5268,42#AE,2159,35.6,42
2024-09-06T00:00:00,5373,42#AF,2567,39.5,42
2024-09-07T00:00:00,4477,42#AG,2547,38,42
2024-09-08T00:00:00,4656,42#AH,2788,41.6,42
2024-09-09T00:00:00,4615,42#AI,2858,51.6,42
2024-09-10T00:00:00,5069,42#AJ,2457,41.2,42
2024-09-11T00:00:00,4966,42#AK,2471,41.9,42
2024-09-12T00:00:00,5509,42#AL,2680,46.7,42
2024-09-13T00:00:00,5041,42#AM,2201,37.2,42
2024-09-14T00:00:00,4925,42#AN,2726,41.1,42
2024-09-15T00:00:00,5395,42#AO,2621,42.2,42
2024-09-16T00:00:00,5015,42#AP,1977,38,42
2024-09-01T00:00:00,5073,43#AA,1976,46,43
2024-09-02T00:00:00,5327,43#AB,2368,36.5,43
2024-09-03T00:00:00,4298,43#AC,2255,47.6,43
2024-09-04T00:00:00,4936,43#AD,2287,38.7,43
2024-09-05T00:00:00,5165,43#AE,2579,37.5,43
2024-09-06T00:00:00,4895,43#AF,2748,40.4,43
2024-09-07T00:00:00,5364,43#AG,2613,30.4,43
2024-09-08T00:00:00,5017,43#AH,2500,49.9,43
2024-09-09T00:00:00,5395,43#AI,2621,42.2,43
2024-09-10T00:00:00,5015,43#AJ,1977,38,43
2024-09-11T00:00:00,5073,43#AK,1976,46,43
2024-09-12T00:00:00,5327,43#AL,2368,36.5,43
2024-09-13T00:00:00,4298,43#AM,2255,47.6,43
2024-09-14T00:00:00,4936,43#AN,2287,38.7,43
2024-09-15T00:00:00,5165,43#AO,2579,37.5,43
2024-09-16T00:00:00,4895,43#AP,2748,40.4,43
2024-09-01T00:00:00,5755,44#AA,3217,41,44
2024-09-02T00:00:00,4731,44#AB,2705,47.3,44
2024-09-03T00:00:00,5809,44#AC,2509,49.2,44
2024-09-04T00:00:00,5599,44#AD,2944,45.4,44
2024-09-05T00:00:00,5268,44#AE,2159,35.6,44
2024-09-06T00:00:00,5373,44#AF,2567,39.5,44
2024-09-07T00:00:00,4477,44#AG,2547,38,44
2024-09-08T00:00:00,4656,44#AH,2788,41.6,44
2024-09-09T00:00:00,5364,44#AI,2613,30.4,44
2024-09-10T00:00:00,5017,44#AJ,2500,49.9,44
2024-09-11T00:00:00,5755,44#AK,3217,41,44
2024-09-12T00:00:00,4731,44#AL,2705,47.3,44
2024-09-13T00:00:00,5809,44#AM,2509,49.2,44
2024-09-14T00:00:00,5599,44#AN,2944,45.4,44
2024-09-15T00:00:00,5268,44#AO,2159,35.6,44
2024-09-16T00:00:00,5373,44#AP,2567,39.5,44
2024-09-01T00:00:00,4477,45#AA,2547,38,45
2024-09-02T00:00:00,4656,45#AB,2788,41.6,45
2024-09-03T00:00:00,4309,45#AC,2187,49.5,45
2024-09-04T00:00:00,5288,45#AD,2685,46.3,45
2024-09-05T00:00:00,5184,45#AE,2810,54.3,45
2024-09-06T00:00:00,4629,45#AF,2461,47,45
2024-09-07T00:00:00,5186,45#AG,2181,50.4,45
2024-09-08T00:00:00,4552,45#AH,1788,45.9,45
2024-09-09T00:00:00,5395,45#AI,2621,42.2,45
2024-09-10T00:00:00,5015,45#AJ,1977,38,45
2024-09-11T00:00:00,5073,45#AK,1976,46,45
2024-09-12T00:00:00,5327,45#AL,2368,36.5,45
2024-09-13T00:00:00,4298,45#AM,2255,47.6,45
2024-09-14T00:00:00,4936,45#AN,2287,38.7,45
2024-09-15T00:00:00,5165,45#AO,2579,37.5,45
2024-09-16T00:00:00,4895,45#AP,2748,40.4,45
2024-09-01T00:00:00,5412,46#AA,2427,52.7,46
2024-09-02T00:00:00,4615,46#AB,2858,51.6,46
2024-09-03T00:00:00,5069,46#AC,2457,41.2,46
2024-09-04T00:00:00,4966,46#AD,2471,41.9,46
2024-09-05T00:00:00,5509,46#AE,2680,46.7,46
2024-09-06T00:00:00,5041,46#AF,2201,37.2,46
2024-09-07T00:00:00,4925,46#AG,2726,41.1,46
2024-09-08T00:00:00,5395,46#AH,2621,42.2,46
2024-09-09T00:00:00,5364,46#AI,2613,30.4,46
2024-09-10T00:00:00,5017,46#AJ,2500,49.9,46
2024-09-11T00:00:00,5755,46#AK,3217,41,46
2024-09-12T00:00:00,4731,46#AL,2705,47.3,46
2024-09-13T00:00:00,5809,46#AM,2509,49.2,46
2024-09-14T00:00:00,5599,46#AN,2944,45.4,46
2024-09-15T00:00:00,5268,46#AO,2159,35.6,46
2024-09-16T00:00:00,5373,46#AP,2567,39.5,46
2024-09-01T00:00:00,4477,47#AA,2547,38,47
2024-09-02T00:00:00,4656,47#AB,2788,41.6,47
2024-09-03T00:00:00,4309,47#AC,2187,49.5,47
2024-09-04T00:00:00,5288,47#AD,2685,46.3,47
2024-09-05T00:00:00,5184,47#AE,2810,54.3,47
2024-09-06T00:00:00,4629,47#AF,2461,47,47
2024-09-07T00:00:00,5186,47#AG,2181,50.4,47
2024-09-08T00:00:00,4552,47#AH,1788,45.9,47
2024-09-09T00:00:00,5015,47#AI,1977,38,47
2024-09-10T00:00:00,5073,47#AJ,1976,46,47
2024-09-11T00:00:00,5327,47#AK,2368,36.5,47
2024-09-12T00:00:00,4298,47#AL,2255,47.6,47
2024-09-13T00:00:00,4936,47#AM,2287,38.7,47
2024-09-14T00:00:00,5165,47#AN,2579,37.5,47
2024-09-15T00:00:00,4895,47#AO,2748,40.4,47
2024-09-16T00:00:00,5364,47#AP,2613,30.4,47
2024-09-01T00:00:00,5412,48#AA,2427,52.7,48
2024-09-02T00:00:00,4615,48#AB,2858,51.6,48
2024-09-03T00:00:00,5069,48#AC,2457,41.2,48
2024-09-04T00:00:00,4966,48#AD,2471,41.9,48
2024-09-05T00:00:00,5509,48#AE,2680,46.7,48
2024-09-06T00:00:00,5041,48#AF,2201,37.2,48
2024-09-07T00:00:00,4925,48#AG,2726,41.1,48
2024-09-08T00:00:00,5395,48#AH,2621,42.2,48
2024-09-09T00:00:00,5017,48#AI,2500,49.9,48
2024-09-10T00:00:00,5755,48#AJ,3217,41,48
2024-09-11T00:00:00,4731,48#AK,2705,47.3,48
2024-09-12T00:00:00,5809,48#AL,2509,49.2,48
2024-09-13T00:00:00,5599,48#AM,2944,45.4,48
2024-09-14T00:00:00,5268,48#AN,2159,35.6,48
2024-09-15T00:00:00,5373,48#AO,2567,39.5,48
2024-09-16T00:00:00,4477,48#AP,2547,38,48
2024-09-01T00:00:00,4656,49#AA,2788,41.6,49
2024-09-02T00:00:00,4309,49#AB,2187,49.5,49
2024-09-03T00:00:00,5288,49#AC,2685,46.3,49
2024-09-04T00:00:00,5184,49#AD,2810,54.3,49
2024-09-05T00:00:00,4629,49#AE,2461,47,49
2024-09-06T00:00:00,5186,49#AF,2181,50.4,49
2024-09-07T00:00:00,4552,49#AG,1788,45.9,49
2024-09-08T00:00:00,5412,49#AH,2427,52.7,49
2024-09-09T00:00:00,5015,49#AI,1977,38,49
2024-09-10T00:00:00,5073,49#AJ,1976,46,49
2024-09-11T00:00:00,5327,49#AK,2368,36.5,49
2024-09-12T00:00:00,4298,49#AL,2255,47.6,49
2024-09-13T00:00:00,4936,49#AM,2287,38.7,49
2024-09-14T00:00:00,5165,49#AN,2579,37.5,49
2024-09-15T00:00:00,4895,49#AO,2748,40.4,49
2024-09-16T00:00:00,5364,49#AP,2613,30.4,49
2024-09-01T00:00:00,5412,5#AA,2427,52.7,5
2024-09-02T00:00:00,4615,5#AB,2858,51.6,5
2024-09-03T00:00:00,5069,5#AC,2457,41.2,5
2024-09-04T00:00:00,4966,5#AD,2471,41.9,5
2024-09-05T00:00:00,5509,5#AE,2680,46.7,5
2024-09-06T00:00:00,5041,5#AF,2201,37.2,5
2024-09-07T00:00:00,4925,5#AG,2726,41.1,5
2024-09-08T00:00:00,5395,5#AH,2621,42.2,5
2024-09-09T00:00:00,5364,5#AI,2613,30.4,5
2024-09-10T00:00:00,5017,5#AJ,2500,49.9,5
2024-09-11T00:00:00,5755,5#AK,3217,41,5
2024-09-12T00:00:00,4731,5#AL,2705,47.3,5
2024-09-13T00:00:00,5809,5#AM,2509,49.2,5
2024-09-14T00:00:00,5599,5#AN,2944,45.4,5
2024-09-15T00:00:00,5268,5#AO,2159,35.6,5
2024-09-16T00:00:00,5373,5#AP,2567,39.5,5
2024-09-01T00:00:00,4615,50#AA,2858,51.6,50
2024-09-02T00:00:00,5069,50#AB,2457,41.2,50
2024-09-03T00:00:00,4966,50#AC,2471,41.9,50
2024-09-04T00:00:00,5509,50#AD,2680,46.7,50
2024-09-05T00:00:00,5041,50#AE,2201,37.2,50
2024-09-06T00:00:00,4925,50#AF,2726,41.1,50
2024-09-07T00:00:00,5395,50#AG,2621,42.2,50
2024-09-08T00:00:00,5015,50#AH,1977,38,50
2024-09-09T00:00:00,5017,50#AI,2500,49.9,50
2024-09-10T00:00:00,5755,50#AJ,3217,41,50
2024-09-11T00:00:00,4731,50#AK,2705,47.3,50
2024-09-12T00:00:00,5809,50#AL,2509,49.2,50
2024-09-13T00:00:00,5599,50#AM,2944,45.4,50
2024-09-14T00:00:00,5268,50#AN,2159,35.6,50
2024-09-15T00:00:00,5373,50#AO,2567,39.5,50
2024-09-16T00:00:00,4477,50#AP,2547,38,50
2024-09-01T00:00:00,4656,51#AA,2788,41.6,51
2024-09-02T00:00:00,4309,51#AB,2187,49.5,51
2024-09-03T00:00:00,5288,51#AC,2685,46.3,51
2024-09-04T00:00:00,5184,51#AD,2810,54.3,51
2024-09-05T00:00:00,4629,51#AE,2461,47,51
2024-09-06T00:00:00,5186,51#AF,2181,50.4,51
2024-09-07T00:00:00,4552,51#AG,1788,45.9,51
2024-09-08T00:00:00,5412,51#AH,2427,52.7,51
2024-09-09T00:00:00,5073,51#AI,1976,46,51
2024-09-10T00:00:00,5327,51#AJ,2368,36.5,51
2024-09-11T00:00:00,4298,51#AK,2255,47.6,51
2024-09-12T00:00:00,4936,51#AL,2287,38.7,51
2024-09-13T00:00:00,5165,51#AM,2579,37.5,51
2024-09-14T00:00:00,4895,51#AN,2748,40.4,51
2024-09-15T00:00:00,5364,51#AO,2613,30.4,51
2024-09-16T00:00:00,5017,51#AP,2500,49.9,51
2024-09-01T00:00:00,4615,52#AA,2858,51.6,52
2024-09-02T00:00:00,5069,52#AB,2457,41.2,52
2024-09-03T00:00:00,4966,52#AC,2471,41.9,52
2024-09-04T00:00:00,5509,52#AD,2680,46.7,52
2024-09-05T00:00:00,5041,52#AE,2201,37.2,52
2024-09-06T00:00:00,4925,52#AF,2726,41.1,52
2024-09-07T00:00:00,5395,52#AG,2621,42.2,52
2024-09-08T00:00:00,5015,52#AH,1977,38,52
2024-09-09T00:00:00,5755,52#AI,3217,41,52
2024-09-10T00:00:00,4731,52#AJ,2705,47.3,52
2024-09-11T00:00:00,5809,52#AK,2509,49.2,52
2024-09-12T00:00:00,5599,52#AL,2944,45.4,52
2024-09-13T00:00:00,5268,52#AM,2159,35.6,52
2024-09-14T00:00:00,5373,52#AN,2567,39.5,52
2024-09-15T00:00:00,4477,52#AO,2547,38,52
2024-09-16T00:00:00,4656,52#AP,2788,41.6,52
2024-09-01T00:00:00,5395,53#AA,2621,42.2,53
2024-09-02T00:00:00,5015,53#AB,1977,38,53
2024-09-03T00:00:00,5073,53#AC,1976,46,53
2024-09-04T00:00:00,5327,53#AD,2368,36.5,53
2024-09-05T00:00:00,4298,53#AE,2255,47.6,53
2024-09-06T00:00:00,4936,53#AF,2287,38.7,53
2024-09-07T00:00:00,5165,53#AG,2579,37.5,53
2024-09-08T00:00:00,4895,53#AH,2748,40.4,53
2024-09-09T00:00:00,5073,53#AI,1976,46,53
2024-09-10T00:00:00,5327,53#AJ,2368,36.5,53
2024-09-11T00:00:00,4298,53#AK,2255,47.6,53
2024-09-12T00:00:00,4936,53#AL,2287,38.7,53
2024-09-13T00:00:00,5165,53#AM,2579,37.5,53
2024-09-14T00:00:00,4895,53#AN,2748,40.4,53
2024-09-15T00:00:00,5364,53#AO,2613,30.4,53
2024-09-16T00:00:00,5017,53#AP,2500,49.9,53
2024-09-01T00:00:00,5364,54#AA,2613,30.4,54
2024-09-02T00:00:00,5017,54#AB,2500,49.9,54
2024-09-03T00:00:00,5755,54#AC,3217,41,54
2024-09-04T00:00:00,4731,54#AD,2705,47.3,54
2024-09-05T00:00:00,5809,54#AE,2509,49.2,54
2024-09-06T00:00:00,5599,54#AF,2944,45.4,54
2024-09-07T00:00:00,5268,54#AG,2159,35.6,54
2024-09-08T00:00:00,5373,54#AH,2567,39.5,54
2024-09-09T00:00:00,5755,54#AI,3217,41,54
2024-09-10T00:00:00,4731,54#AJ,2705,47.3,54
2024-09-11T00:00:00,5809,54#AK,2509,49.2,54
2024-09-12T00:00:00,5599,54#AL,2944,45.4,54
2024-09-13T00:00:00,5268,54#AM,2159,35.6,54
2024-09-14T00:00:00,5373,54#AN,2567,39.5,54
2024-09-15T00:00:00,4477,54#AO,2547,38,54
2024-09-16T00:00:00,4656,54#AP,2788,41.6,54
2024-09-01T00:00:00,5395,55#AA,2621,42.2,55
2024-09-02T00:00:00,5015,55#AB,1977,38,55
2024-09-03T00:00:00,5073,55#AC,1976,46,55
2024-09-04T00:00:00,5327,55#AD,2368,36.5,55
2024-09-05T00:00:00,4298,55#AE,2255,47.6,55
2024-09-06T00:00:00,4936,55#AF,2287,38.7,55
2024-09-07T00:00:00,5165,55#AG,2579,37.5,55
2024-09-08T00:00:00,4895,55#AH,2748,40.4,55
2024-09-09T00:00:00,4477,55#AI,2547,38,55
2024-09-10T00:00:00,4656,55#AJ,2788,41.6,55
2024-09-11T00:00:00,4309,55#AK,2187,49.5,55
2024-09-12T00:00:00,5288,55#AL,2685,46.3,55
2024-09-13T00:00:00,5184,55#AM,2810,54.3,55
2024-09-14T00:00:00,4629,55#AN,2461,47,55
2024-09-15T00:00:00,5186,55#AO,2181,50.4,55
2024-09-16T00:00:00,4552,55#AP,1788,45.9,55
2024-09-01T00:00:00,5364,56#AA,2613,30.4,56
2024-09-02T00:00:00,5017,56#AB,2500,49.9,56
2024-09-03T00:00:00,5755,56#AC,3217,41,56
2024-09-04T00:00:00,4731,56#AD,2705,47.3,56
2024-09-05T00:00:00,5809,56#AE,2509,49.2,56
2024-09-06T00:00:00,5599,56#AF,2944,45.4,56
2024-09-07T00:00:00,5268,56#AG,2159,35.6,56
2024-09-08T00:00:00,5373,56#AH,2567,39.5,56
2024-09-09T00:00:00,5412,56#AI,2427,52.7,56
2024-09-10T00:00:00,4615,56#AJ,2858,51.6,56
2024-09-11T00:00:00,5069,56#AK,2457,41.2,56
2024-09-12T00:00:00,4966,56#AL,2471,41.9,56
2024-09-13T00:00:00,5509,56#AM,2680,46.7,56
2024-09-14T00:00:00,5041,56#AN,2201,37.2,56
2024-09-15T00:00:00,4925,56#AO,2726,41.1,56
2024-09-16T00:00:00,5395,56#AP,2621,42.2,56
2024-09-01T00:00:00,5015,57#AA,1977,38,57
2024-09-02T00:00:00,5073,57#AB,1976,46,57
2024-09-03T00:00:00,5327,57#AC,2368,36.5,57
2024-09-04T00:00:00,4298,57#AD,2255,47.6,57
2024-09-05T00:00:00,4936,57#AE,2287,38.7,57
2024-09-06T00:00:00,5165,57#AF,2579,37.5,57
2024-09-07T00:00:00,4895,57#AG,2748,40.4,57
2024-09-08T00:00:00,5364,57#AH,2613,30.4,57
2024-09-09T00:00:00,4477,57#AI,2547,38,57
2024-09-10T00:00:00,4656,57#AJ,2788,41.6,57
2024-09-11T00:00:00,4309,57#AK,2187,49.5,57
2024-09-12T00:00:00,5288,57#AL,2685,46.3,57
2024-09-13T00:00:00,5184,57#AM,2810,54.3,57
2024-09-14T00:00:00,4629,57#AN,2461,47,57
2024-09-15T00:00:00,5186,57#AO,2181,50.4,57
2024-09-16T00:00:00,4552,57#AP,1788,45.9,57
2024-09-01T00:00:00,5017,58#AA,2500,49.9,58
2024-09-02T00:00:00,5755,58#AB,3217,41,58
2024-09-03T00:00:00,4731,58#AC,2705,47.3,58
2024-09-04T00:00:00,5809,58#AD,2509,49.2,58
2024-09-05T00:00:00,5599,58#AE,2944,45.4,58
2024-09-06T00:00:00,5268,58#AF,2159,35.6,58
2024-09-07T00:00:00,5373,58#AG,2567,39.5,58
2024-09-08T00:00:00,4477,58#AH,2547,38,58
2024-09-09T00:00:00,5412,58#AI,2427,52.7,58
2024-09-10T00:00:00,4615,58#AJ,2858,51.6,58
2024-09-11T00:00:00,5069,58#AK,2457,41.2,58
2024-09-12T00:00:00,4966,58#AL,2471,41.9,58
2024-09-13T00:00:00,5509,58#AM,2680,46.7,58
2024-09-14T00:00:00,5041,58#AN,2201,37.2,58
2024-09-15T00:00:00,4925,58#AO,2726,41.1,58
2024-09-16T00:00:00,5395,58#AP,2621,42.2,58
2024-09-01T00:00:00,5015,59#AA,1977,38,59
2024-09-02T00:00:00,5073,59#AB,1976,46,59
2024-09-03T00:00:00,5327,59#AC,2368,36.5,59
2024-09-04T00:00:00,4298,59#AD,2255,47.6,59
2024-09-05T00:00:00,4936,59#AE,2287,38.7,59
2024-09-06T00:00:00,5165,59#AF,2579,37.5,59
2024-09-07T00:00:00,4895,59#AG,2748,40.4,59
2024-09-08T00:00:00,5364,59#AH,2613,30.4,59
2024-09-09T00:00:00,4656,59#AI,2788,41.6,59
2024-09-10T00:00:00,4309,59#AJ,2187,49.5,59
2024-09-11T00:00:00,5288,59#AK,2685,46.3,59
2024-09-12T00:00:00,5184,59#AL,2810,54.3,59
2024-09-13T00:00:00,4629,59#AM,2461,47,59
2024-09-14T00:00:00,5186,59#AN,2181,50.4,59
2024-09-15T00:00:00,4552,59#AO,1788,45.9,59
2024-09-16T00:00:00,5412,59#AP,2427,52.7,59
2024-09-01T00:00:00,5015,6#AA,1977,38,6
2024-09-02T00:00:00,5073,6#AB,1976,46,6
2024-09-03T00:00:00,5327,6#AC,2368,36.5,6
2024-09-04T00:00:00,4298,6#AD,2255,47.6,6
2024-09-05T00:00:00,4936,6#AE,2287,38.7,6
2024-09-06T00:00:00,5165,6#AF,2579,37.5,6
2024-09-07T00:00:00,4895,6#AG,2748,40.4,6
2024-09-08T00:00:00,5364,6#AH,2613,30.4,6
2024-09-09T00:00:00,4477,6#AI,2547,38,6
2024-09-10T00:00:00,4656,6#AJ,2788,41.6,6
2024-09-11T00:00:00,4309,6#AK,2187,49.5,6
2024-09-12T00:00:00,5288,6#AL,2685,46.3,6
2024-09-13T00:00:00,5184,6#AM,2810,54.3,6
2024-09-14T00:00:00,4629,6#AN,2461,47,6
2024-09-15T00:00:00,5186,6#AO,2181,50.4,6
2024-09-16T00:00:00,4552,6#AP,1788,45.9,6
2024-09-01T00:00:00,5017,60#AA,2500,49.9,60
2024-09-02T00:00:00,5755,60#AB,3217,41,60
2024-09-03T00:00:00,4731,60#AC,2705,47.3,60
2024-09-04T00:00:00,5809,60#AD,2509,49.2,60
2024-09-05T00:00:00,5599,60#AE,2944,45.4,60
2024-09-06T00:00:00,5268,60#AF,2159,35.6,60
2024-09-07T00:00:00,5373,60#AG,2567,39.5,60
2024-09-08T00:00:00,4477,60#AH,2547,38,60
2024-09-09T00:00:00,4615,60#AI,2858,51.6,60
2024-09-10T00:00:00,5069,60#AJ,2457,41.2,60
2024-09-11T00:00:00,4966,60#AK,2471,41.9,60
2024-09-12T00:00:00,5509,60#AL,2680,46.7,60
2024-09-13T00:00:00,5041,60#AM,2201,37.2,60
2024-09-14T00:00:00,4925,60#AN,2726,41.1,60
2024-09-15T00:00:00,5395,60#AO,2621,42.2,60
2024-09-16T00:00:00,5015,60#AP,1977,38,60
2024-09-01T00:00:00,5073,61#AA,1976,46,61
2024-09-02T00:00:00,5327,61#AB,2368,36.5,61
2024-09-03T00:00:00,4298,61#AC,2255,47.6,61
2024-09-04T00:00:00,4936,61#AD,2287,38.7,61
2024-09-05T00:00:00,5165,61#AE,2579,37.5,61
2024-09-06T00:00:00,4895,61#AF,2748,40.4,61
2024-09-07T00:00:00,5364,61#AG,2613,30.4,61
2024-09-08T00:00:00,5017,61#AH,2500,49.9,61
2024-09-09T00:00:00,4656,61#AI,2788,41.6,61
2024-09-10T00:00:00,4309,61#AJ,2187,49.5,61
2024-09-11T00:00:00,5288,61#AK,2685,46.3,61
2024-09-12T00:00:00,5184,61#AL,2810,54.3,61
2024-09-13T00:00:00,4629,61#AM,2461,47,61
2024-09-14T00:00:00,5186,61#AN,2181,50.4,61
2024-09-15T00:00:00,4552,61#AO,1788,45.9,61
2024-09-16T00:00:00,5412,61#AP,2427,52.7,61
2024-09-01T00:00:00,5755,62#AA,3217,41,62
2024-09-02T00:00:00,4731,62#AB,2705,47.3,62
2024-09-03T00:00:00,5809,62#AC,2509,49.2,62
2024-09-04T00:00:00,5599,62#AD,2944,45.4,62
2024-09-05T00:00:00,5268,62#AE,2159,35.6,62
2024-09-06T00:00:00,5373,62#AF,2567,39.5,62
2024-09-07T00:00:00,4477,62#AG,2547,38,62
2024-09-08T00:00:00,4656,62#AH,2788,41.6,62
2024-09-09T00:00:00,4615,62#AI,2858,51.6,62
2024-09-10T00:00:00,5069,62#AJ,2457,41.2,62
2024-09-11T00:00:00,4966,62#AK,2471,41.9,62
2024-09-12T00:00:00,5509,62#AL,2680,46.7,62
2024-09-13T00:00:00,5041,62#AM,2201,37.2,62
2024-09-14T00:00:00,4925,62#AN,2726,41.1,62
2024-09-15T00:00:00,5395,62#AO,2621,42.2,62
2024-09-16T00:00:00,5015,62#AP,1977,38,62
2024-09-01T00:00:00,5073,63#AA,1976,46,63
2024-09-02T00:00:00,5327,63#AB,2368,36.5,63
2024-09-03T00:00:00,4298,63#AC,2255,47.6,63
2024-09-04T00:00:00,4936,63#AD,2287,38.7,63
2024-09-05T00:00:00,5165,63#AE,2579,37.5,63
2024-09-06T00:00:00,4895,63#AF,2748,40.4,63
2024-09-07T00:00:00,5364,63#AG,2613,30.4,63
2024-09-08T00:00:00,5017,63#AH,2500,49.9,63
2024-09-09T00:00:00,5395,63#AI,2621,42.2,63
2024-09-10T00:00:00,5015,63#AJ,1977,38,63
2024-09-11T00:00:00,5073,63#AK,1976,46,63
2024-09-12T00:00:00,5327,63#AL,2368,36.5,63
2024-09-13T00:00:00,4298,63#AM,2255,47.6,63
2024-09-14T00:00:00,4936,63#AN,2287,38.7,63
2024-09-15T00:00:00,5165,63#AO,2579,37.5,63
2024-09-16T00:00:00,4895,63#AP,2748,40.4,63
2024-09-01T00:00:00,5755,64#AA,3217,41,64
2024-09-02T00:00:00,4731,64#AB,2705,47.3,64
2024-09-03T00:00:00,5809,64#AC,2509,49.2,64
2024-09-04T00:00:00,5599,64#AD,2944,45.4,64
2024-09-05T00:00:00,5268,64#AE,2159,35.6,64
2024-09-06T00:00:00,5373,64#AF,2567,39.5,64
2024-09-07T00:00:00,4477,64#AG,2547,38,64
2024-09-08T00:00:00,4656,64#AH,2788,41.6,64
2024-09-09T00:00:00,5364,64#AI,2613,30.4,64
2024-09-10T00:00:00,5017,64#AJ,2500,49.9,64
2024-09-11T00:00:00,5755,64#AK,3217,41,64
2024-09-12T00:00:00,4731,64#AL,2705,47.3,64
2024-09-13T00:00:00,5809,64#AM,2509,49.2,64
2024-09-14T00:00:00,5599,64#AN,2944,45.4,64
2024-09-15T00:00:00,5268,64#AO,2159,35.6,64
2024-09-16T00:00:00,5373,64#AP,2567,39.5,64
2024-09-01T00:00:00,4477,65#AA,2547,38,65
2024-09-02T00:00:00,4656,65#AB,2788,41.6,65
2024-09-03T00:00:00,4309,65#AC,2187,49.5,65
2024-09-04T00:00:00,5288,65#AD,2685,46.3,65
2024-09-05T00:00:00,5184,65#AE,2810,54.3,65
2024-09-06T00:00:00,4629,65#AF,2461,47,65
2024-09-07T00:00:00,5186,65#AG,2181,50.4,65
2024-09-08T00:00:00,4552,65#AH,1788,45.9,65
2024-09-09T00:00:00,5395,65#AI,2621,42.2,65
2024-09-10T00:00:00,5015,65#AJ,1977,38,65
2024-09-11T00:00:00,5073,65#AK,1976,46,65
2024-09-12T00:00:00,5327,65#AL,2368,36.5,65
2024-09-13T00:00:00,4298,65#AM,2255,47.6,65
2024-09-14T00:00:00,4936,65#AN,2287,38.7,65
2024-09-15T00:00:00,5165,65#AO,2579,37.5,65
2024-09-16T00:00:00,4895,65#AP,2748,40.4,65
2024-09-01T00:00:00,5412,66#AA,2427,52.7,66
2024-09-02T00:00:00,4615,66#AB,2858,51.6,66
2024-09-03T00:00:00,5069,66#AC,2457,41.2,66
2024-09-04T00:00:00,4966,66#AD,2471,41.9,66
2024-09-05T00:00:00,5509,66#AE,2680,46.7,66
2024-09-06T00:00:00,5041,66#AF,2201,37.2,66
2024-09-07T00:00:00,4925,66#AG,2726,41.1,66
2024-09-08T00:00:00,5395,66#AH,2621,42.2,66
2024-09-09T00:00:00,5364,66#AI,2613,30.4,66
2024-09-10T00:00:00,5017,66#AJ,2500,49.9,66
2024-09-11T00:00:00,5755,66#AK,3217,41,66
2024-09-12T00:00:00,4731,66#AL,2705,47.3,66
2024-09-13T00:00:00,5809,66#AM,2509,49.2,66
2024-09-14T00:00:00,5599,66#AN,2944,45.4,66
2024-09-15T00:00:00,5268,66#AO,2159,35.6,66
2024-09-16T00:00:00,5373,66#AP,2567,39.5,66
2024-09-01T00:00:00,4477,67#AA,2547,38,67
2024-09-02T00:00:00,4656,67#AB,2788,41.6,67
2024-09-03T00:00:00,4309,67#AC,2187,49.5,67
2024-09-04T00:00:00,5288,67#AD,2685,46.3,67
2024-09-05T00:00:00,5184,67#AE,2810,54.3,67
2024-09-06T00:00:00,4629,67#AF,2461,47,67
2024-09-07T00:00:00,5186,67#AG,2181,50.4,67
2024-09-08T00:00:00,4552,67#AH,1788,45.9,67
2024-09-09T00:00:00,5015,67#AI,1977,38,67
2024-09-10T00:00:00,5073,67#AJ,1976,46,67
2024-09-11T00:00:00,5327,67#AK,2368,36.5,67
2024-09-12T00:00:00,4298,67#AL,2255,47.6,67
2024-09-13T00:00:00,4936,67#AM,2287,38.7,67
2024-09-14T00:00:00,5165,67#AN,2579,37.5,67
2024-09-15T00:00:00,4895,67#AO,2748,40.4,67
2024-09-16T00:00:00,5364,67#AP,2613,30.4,67
2024-09-01T00:00:00,5412,68#AA,2427,52.7,68
2024-09-02T00:00:00,4615,68#AB,2858,51.6,68
2024-09-03T00:00:00,5069,68#AC,2457,41.2,68
2024-09-04T00:00:00,4966,68#AD,2471,41.9,68
2024-09-05T00:00:00,5509,68#AE,2680,46.7,68
2024-09-06T00:00:00,5041,68#AF,2201,37.2,68
2024-09-07T00:00:00,4925,68#AG,2726,41.1,68
2024-09-08T00:00:00,5395,68#AH,2621,42.2,68
2024-09-09T00:00:00,5017,68#AI,2500,49.9,68
2024-09-10T00:00:00,5755,68#AJ,3217,41,68
2024-09-11T00:00:00,4731,68#AK,2705,47.3,68
2024-09-12T00:00:00,5809,68#AL,2509,49.2,68
2024-09-13T00:00:00,5599,68#AM,2944,45.4,68
2024-09-14T00:00:00,5268,68#AN,2159,35.6,68
2024-09-15T00:00:00,5373,68#AO,2567,39.5,68
2024-09-16T00:00:00,4477,68#AP,2547,38,68
2024-09-01T00:00:00,4656,69#AA,2788,41.6,69
2024-09-02T00:00:00,4309,69#AB,2187,49.5,69
2024-09-03T00:00:00,5288,69#AC,2685,46.3,69
2024-09-04T00:00:00,5184,69#AD,2810,54.3,69
2024-09-05T00:00:00,4629,69#AE,2461,47,69
2024-09-06T00:00:00,5186,69#AF,2181,50.4,69
2024-09-07T00:00:00,4552,69#AG,1788,45.9,69
2024-09-08T00:00:00,5412,69#AH,2427,52.7,69
2024-09-09T00:00:00,5015,69#AI,1977,38,69
2024-09-10T00:00:00,5073,69#AJ,1976,46,69
2024-09-11T00:00:00,5327,69#AK,2368,36.5,69
2024-09-12T00:00:00,4298,69#AL,2255,47.6,69
2024-09-13T00:00:00,4936,69#AM,2287,38.7,69
2024-09-14T00:00:00,5165,69#AN,2579,37.5,69
2024-09-15T00:00:00,4895,69#AO,2748,40.4,69
2024-09-16T00:00:00,5364,69#AP,2613,30.4,69
2024-09-01T00:00:00,5412,7#AA,2427,52.7,7
2024-09-02T00:00:00,4615,7#AB,2858,51.6,7
2024-09-03T00:00:00,5069,7#AC,2457,41.2,7
2024-09-04T00:00:00,4966,7#AD,2471,41.9,7
2024-09-05T00:00:00,5509,7#AE,2680,46.7,7
2024-09-06T00:00:00,5041,7#AF,2201,37.2,7
2024-09-07T00:00:00,4925,7#AG,2726,41.1,7
2024-09-08T00:00:00,5395,7#AH,2621,42.2,7
2024-09-09T00:00:00,5017,7#AI,2500,49.9,7
2024-09-10T00:00:00,5755,7#AJ,3217,41,7
2024-09-11T00:00:00,4731,7#AK,2705,47.3,7
2024-09-12T00:00:00,5809,7#AL,2509,49.2,7
2024-09-13T00:00:00,5599,7#AM,2944,45.4,7
2024-09-14T00:00:00,5268,7#AN,2159,35.6,7
2024-09-15T00:00:00,5373,7#AO,2567,39.5,7
2024-09-16T00:00:00,4477,7#AP,2547,38,7
2024-09-01T00:00:00,4615,70#AA,2858,51.6,70
2024-09-02T00:00:00,5069,70#AB,2457,41.2,70
2024-09-03T00:00:00,4966,70#AC,2471,41.9,70
2024-09-04T00:00:00,5509,70#AD,2680,46.7,70
2024-09-05T00:00:00,5041,70#AE,2201,37.2,70
2024-09-06T00:00:00,4925,70#AF,2726,41.1,70
2024-09-07T00:00:00,5395,70#AG,2621,42.2,70
2024-09-08T00:00:00,5015,70#AH,1977,38,70
2024-09-09T00:00:00,5017,70#AI,2500,49.9,70
2024-09-10T00:00:00,5755,70#AJ,3217,41,70
2024-09-11T00:00:00,4731,70#AK,2705,47.3,70
2024-09-12T00:00:00,5809,70#AL,2509,49.2,70
2024-09-13T00:00:00,5599,70#AM,2944,45.4,70
2024-09-14T00:00:00,5268,70#AN,2159,35.6,70
2024-09-15T00:00:00,5373,70#AO,2567,39.5,70
2024-09-16T00:00:00,4477,70#AP,2547,38,70
2024-09-01T00:00:00,4656,71#AA,2788,41.6,71
2024-09-02T00:00:00,4309,71#AB,2187,49.5,71
2024-09-03T00:00:00,5288,71#AC,2685,46.3,71
2024-09-04T00:00:00,5184,71#AD,2810,54.3,71
2024-09-05T00:00:00,4629,71#AE,2461,47,71
2024-09-06T00:00:00,5186,71#AF,2181,50.4,71
2024-09-07T00:00:00,4552,71#AG,1788,45.9,71
2024-09-08T00:00:00,5412,71#AH,2427,52.7,71
2024-09-09T00:00:00,5073,71#AI,1976,46,71
2024-09-10T00:00:00,5327,71#AJ,2368,36.5,71
2024-09-11T00:00:00,4298,71#AK,2255,47.6,71
2024-09-12T00:00:00,4936,71#AL,2287,38.7,71
2024-09-13T00:00:00,5165,71#AM,2579,37.5,71
2024-09-14T00:00:00,4895,71#AN,2748,40.4,71
2024-09-15T00:00:00,5364,71#AO,2613,30.4,71
2024-09-16T00:00:00,5017,71#AP,2500,49.9,71
2024-09-01T00:00:00,4615,72#AA,2858,51.6,72
2024-09-02T00:00:00,5069,72#AB,2457,41.2,72
2024-09-03T00:00:00,4966,72#AC,2471,41.9,72
2024-09-04T00:00:00,5509,72#AD,2680,46.7,72
2024-09-05T00:00:00,5041,72#AE,2201,37.2,72
2024-09-06T00:00:00,4925,72#AF,2726,41.1,72
2024-09-07T00:00:00,5395,72#AG,2621,42.2,72
2024-09-08T00:00:00,5015,72#AH,1977,38,72
2024-09-09T00:00:00,5755,72#AI,3217,41,72
2024-09-10T00:00:00,4731,72#AJ,2705,47.3,72
2024-09-11T00:00:00,5809,72#AK,2509,49.2,72
2024-09-12T00:00:00,5599,72#AL,2944,45.4,72
2024-09-13T00:00:00,5268,72#AM,2159,35.6,72
2024-09-14T00:00:00,5373,72#AN,2567,39.5,72
2024-09-15T00:00:00,4477,72#AO,2547,38,72
2024-09-16T00:00:00,4656,72#AP,2788,41.6,72
2024-09-01T00:00:00,5395,73#AA,2621,42.2,73
2024-09-02T00:00:00,5015,73#AB,1977,38,73
2024-09-03T00:00:00,5073,73#AC,1976,46,73
2024-09-04T00:00:00,5327,73#AD,2368,36.5,73
2024-09-05T00:00:00,4298,73#AE,2255,47.6,73
2024-09-06T00:00:00,4936,73#AF,2287,38.7,73
2024-09-07T00:00:00,5165,73#AG,2579,37.5,73
2024-09-08T00:00:00,4895,73#AH,2748,40.4,73
2024-09-09T00:00:00,5073,73#AI,1976,46,73
2024-09-10T00:00:00,5327,73#AJ,2368,36.5,73
2024-09-11T00:00:00,4298,73#AK,2255,47.6,73
2024-09-12T00:00:00,4936,73#AL,2287,38.7,73
2024-09-13T00:00:00,5165,73#AM,2579,37.5,73
2024-09-14T00:00:00,4895,73#AN,2748,40.4,73
2024-09-15T00:00:00,5364,73#AO,2613,30.4,73
2024-09-16T00:00:00,5017,73#AP,2500,49.9,73
2024-09-01T00:00:00,5364,74#AA,2613,30.4,74
2024-09-02T00:00:00,5017,74#AB,2500,49.9,74
2024-09-03T00:00:00,5755,74#AC,3217,41,74
2024-09-04T00:00:00,4731,74#AD,2705,47.3,74
2024-09-05T00:00:00,5809,74#AE,2509,49.2,74
2024-09-06T00:00:00,5599,74#AF,2944,45.4,74
2024-09-07T00:00:00,5268,74#AG,2159,35.6,74
2024-09-08T00:00:00,5373,74#AH,2567,39.5,74
2024-09-09T00:00:00,5755,74#AI,3217,41,74
2024-09-10T00:00:00,4731,74#AJ,2705,47.3,74
2024-09-11T00:00:00,5809,74#AK,2509,49.2,74
2024-09-12T00:00:00,5599,74#AL,2944,45.4,74
2024-09-13T00:00:00,5268,74#AM,2159,35.6,74
2024-09-14T00:00:00,5373,74#AN,2567,39.5,74
2024-09-15T00:00:00,4477,74#AO,2547,38,74
2024-09-16T00:00:00,4656,74#AP,2788,41.6,74
2024-09-01T00:00:00,5395,75#AA,2621,42.2,75
2024-09-02T00:00:00,5015,75#AB,1977,38,75
2024-09-03T00:00:00,5073,75#AC,1976,46,75
2024-09-04T00:00:00,5327,75#AD,2368,36.5,75
2024-09-05T00:00:00,4298,75#AE,2255,47.6,75
2024-09-06T00:00:00,4936,75#AF,2287,38.7,75
2024-09-07T00:00:00,5165,75#AG,2579,37.5,75
2024-09-08T00:00:00,4895,75#AH,2748,40.4,75
2024-09-09T00:00:00,4477,75#AI,2547,38,75
2024-09-10T00:00:00,4656,75#AJ,2788,41.6,75
2024-09-11T00:00:00,4309,75#AK,2187,49.5,75
2024-09-12T00:00:00,5288,75#AL,2685,46.3,75
2024-09-13T00:00:00,5184,75#AM,2810,54.3,75
2024-09-14T00:00:00,4629,75#AN,2461,47,75
2024-09-15T00:00:00,5186,75#AO,2181,50.4,75
2024-09-16T00:00:00,4552,75#AP,1788,45.9,75
2024-09-01T00:00:00,5364,76#AA,2613,30.4,76
2024-09-02T00:00:00,5017,76#AB,2500,49.9,76
2024-09-03T00:00:00,5755,76#AC,3217,41,76
2024-09-04T00:00:00,4731,76#AD,2705,47.3,76
2024-09-05T00:00:00,5809,76#AE,2509,49.2,76
2024-09-06T00:00:00,5599,76#AF,2944,45.4,76
2024-09-07T00:00:00,5268,76#AG,2159,35.6,76
2024-09-08T00:00:00,5373,76#AH,2567,39.5,76
2024-09-09T00:00:00,5412,76#AI,2427,52.7,76
2024-09-10T00:00:00,4615,76#AJ,2858,51.6,76
2024-09-11T00:00:00,5069,76#AK,2457,41.2,76
2024-09-12T00:00:00,4966,76#AL,2471,41.9,76
2024-09-13T00:00:00,5509,76#AM,2680,46.7,76
2024-09-14T00:00:00,5041,76#AN,2201,37.2,76
2024-09-15T00:00:00,5395,76#AP,2621,42.2,76
2024-09-16T00:00:00,5015,77#AA,1977,38,77
2024-09-01T00:00:00,5073,77#AB,1976,46,77
2024-09-02T00:00:00,5327,77#AC,2368,36.5,77
2024-09-03T00:00:00,4298,77#AD,2255,47.6,77
2024-09-04T00:00:00,4936,77#AE,2287,38.7,77
2024-09-05T00:00:00,5165,77#AF,2579,37.5,77
2024-09-06T00:00:00,4895,77#AG,2748,40.4,77
2024-09-07T00:00:00,5364,77#AH,2613,30.4,77
2024-09-08T00:00:00,4477,77#AI,2547,38,77
2024-09-09T00:00:00,4656,77#AJ,2788,41.6,77
2024-09-10T00:00:00,4309,77#AK,2187,49.5,77
2024-09-11T00:00:00,5288,77#AL,2685,46.3,77
2024-09-12T00:00:00,5184,77#AM,2810,54.3,77
2024-09-13T00:00:00,4629,77#AN,2461,47,77
2024-09-14T00:00:00,5186,77#AO,2181,50.4,77
2024-09-15T00:00:00,4552,77#AP,1788,45.9,77
2024-09-16T00:00:00,5017,78#AA,2500,49.9,78
2024-09-01T00:00:00,5755,78#AB,3217,41,78
2024-09-02T00:00:00,4731,78#AC,2705,47.3,78
2024-09-03T00:00:00,5809,78#AD,2509,49.2,78
2024-09-04T00:00:00,5599,78#AE,2944,45.4,78
2024-09-05T00:00:00,5268,78#AF,2159,35.6,78
2024-09-06T00:00:00,5373,78#AG,2567,39.5,78
2024-09-07T00:00:00,4477,78#AH,2547,38,78
2024-09-08T00:00:00,5412,78#AI,2427,52.7,78
2024-09-09T00:00:00,4615,78#AJ,2858,51.6,78
2024-09-10T00:00:00,5069,78#AK,2457,41.2,78
2024-09-11T00:00:00,4966,78#AL,2471,41.9,78
2024-09-12T00:00:00,5509,78#AM,2680,46.7,78
2024-09-13T00:00:00,5041,78#AN,2201,37.2,78
2024-09-14T00:00:00,4925,78#AO,2726,41.1,78
2024-09-15T00:00:00,5395,78#AP,2621,42.2,78
2024-09-16T00:00:00,5015,79#AA,1977,38,79
2024-09-01T00:00:00,5073,79#AB,1976,46,79
2024-09-02T00:00:00,5327,79#AC,2368,36.5,79
2024-09-03T00:00:00,4298,79#AD,2255,47.6,79
2024-09-04T00:00:00,4936,79#AE,2287,38.7,79
2024-09-05T00:00:00,5165,79#AF,2579,37.5,79
2024-09-06T00:00:00,4895,79#AG,2748,40.4,79
2024-09-07T00:00:00,5364,79#AH,2613,30.4,79
2024-09-08T00:00:00,4656,79#AI,2788,41.6,79
2024-09-09T00:00:00,4309,79#AJ,2187,49.5,79
2024-09-10T00:00:00,5288,79#AK,2685,46.3,79
2024-09-11T00:00:00,5184,79#AL,2810,54.3,79
2024-09-12T00:00:00,4629,79#AM,2461,47,79
2024-09-13T00:00:00,5186,79#AN,2181,50.4,79
2024-09-14T00:00:00,4552,79#AO,1788,45.9,79
2024-09-15T00:00:00,5412,79#AP,2427,52.7,79
2024-09-16T00:00:00,5015,8#AA,1977,38,8
2024-09-01T00:00:00,5073,8#AB,1976,46,8
2024-09-02T00:00:00,5327,8#AC,2368,36.5,8
2024-09-03T00:00:00,4298,8#AD,2255,47.6,8
2024-09-04T00:00:00,4936,8#AE,2287,38.7,8
2024-09-05T00:00:00,5165,8#AF,2579,37.5,8
2024-09-06T00:00:00,4895,8#AG,2748,40.4,8
2024-09-07T00:00:00,5364,8#AH,2613,30.4,8
2024-09-08T00:00:00,4656,8#AI,2788,41.6,8
2024-09-09T00:00:00,4309,8#AJ,2187,49.5,8
2024-09-10T00:00:00,5288,8#AK,2685,46.3,8
2024-09-11T00:00:00,5184,8#AL,2810,54.3,8
2024-09-12T00:00:00,4629,8#AM,2461,47,8
2024-09-13T00:00:00,5186,8#AN,2181,50.4,8
2024-09-14T00:00:00,4552,8#AO,1788,45.9,8
2024-09-15T00:00:00,5412,8#AP,2427,52.7,8
2024-09-16T00:00:00,4615,9#AA,2858,51.6,9
2024-09-01T00:00:00,5069,9#AB,2457,41.2,9
2024-09-02T00:00:00,4966,9#AC,2471,41.9,9
2024-09-03T00:00:00,5509,9#AD,2680,46.7,9
2024-09-04T00:00:00,5041,9#AE,2201,37.2,9
2024-09-05T00:00:00,4925,9#AF,2726,41.1,9
2024-09-06T00:00:00,5395,9#AG,2621,42.2,9
2024-09-07T00:00:00,5015,9#AH,1977,38,9
2024-09-08T00:00:00,5017,9#AI,2500,49.9,9
2024-09-09T00:00:00,5755,9#AJ,3217,41,9
2024-09-10T00:00:00,4731,9#AK,2705,47.3,9
2024-09-11T00:00:00,5809,9#AL,2509,49.2,9
2024-09-12T00:00:00,5599,9#AM,2944,45.4,9
2024-09-13T00:00:00,5268,9#AN,2159,35.6,9
2024-09-14T00:00:00,5373,9#AO,2567,39.5,9
2024-09-15T00:00:00,4477,9#AP,2547,38,9
,,,,,